﻿<Settings>
	<RAMExecutable>PDMCareGUI.exe</RAMExecutable>
	<RAMExecutablePath>C:\HCC Risk Adjustment Manager</RAMExecutablePath>
	<RAMUser>TMSAPP</RAMUser>
	<RAMPassword>TriZetto456</RAMPassword>
	<BrowserType>chrome</BrowserType>
	<ParallelRun>Yes</ParallelRun>
	<tenantType>tmsx</tenantType>
	<URL>https://tms-qa.asp-tms-app-73.dev.trizetto.com/tms/</URL>
	<UserId>tmsadmin</UserId>
	<Password>Welcome1</Password>
	<FirstName>venkatesh</FirstName>
	<LastName>P</LastName>
	<EAMdb>EAM</EAMdb>
	<DLMdb>DLM</DLMdb>
	<CDMdb>CDM</CDMdb>
	<PDEMdb>PDEM</PDEMdb>
	<RAMXdb>RAMX</RAMXdb>
	<RSMdb>RSM</RSMdb>
	<FRMdb>RSM</FRMdb>
	<RAMdb>RAM</RAMdb>
	<RAMXdb>RAMX</RAMXdb>
	<IdentitySdb>IdentityServer</IdentitySdb>
	<ERFdb>EAM</ERFdb>
	<EnvType>Main</EnvType>
	<Warehousedb>EAMWarehouse</Warehousedb>
	<PDMMetaDatadb>PDMMetadata</PDMMetaDatadb>
	<PathforDataFile></PathforDataFile>
	<AllowLocalDt>true</AllowLocalDt>
	<Client>Test</Client>
	<Database>EAM</Database>
	<DataServer>asp-tms-sql-73</DataServer>
	<Port>1433</Port>
	<PDMDB>corp\tmsservice</PDMDB>
	<PDMDBPassword>TriZetto456</PDMDBPassword>
	<DBDriver>SQL Server</DBDriver>
	<DBUser>pdmadmin</DBUser>
	<DBPassword>pdmrox</DBPassword>
	<TCSServer>ABN-TMS-SQL-Q02.dev.trizetto.com</TCSServer>
	<TCSDatabase>IHMF_D02_COMPONENT</TCSDatabase>
	<TCSDBUser>tmsservice</TCSDBUser>
	<TCSDBPassword>TriZetto458</TCSDBPassword>
	<ALMURL>http://alm.corp.trizetto.com:8080/qcbin/</ALMURL>
	<ALMDomain>DEFAULT</ALMDomain>
	<ALMProject>TMS</ALMProject>
	<ALMUser>qos.automation</ALMUser>
	<ALMPassword>Testing456</ALMPassword>
</Settings>

